<?xml version="1.0" encoding="UTF-8"?>
<config xmlns="http://www.knime.org/2008/09/XMLConfig" xmlns:xsi="http://www.w3.org/2001/XMLSchema-instance" xsi:schemaLocation="http://www.knime.org/2008/09/XMLConfig http://www.knime.org/XMLConfig_2008_09.xsd" key="filestore">
    <config key="filestore_keys">
        <config key="filestore_key_0">
            <entry key="storeUUID" type="xstring" value="70be1665-1d0f-4cdc-844f-70edb79102fc"/>
            <entry key="index" type="xint" value="0"/>
            <entry key="name" type="xstring" value="4c1bcca1-ddb8-400c-a8d6-a1b9ba020887"/>
            <entry key="iterationIndex" type="xint" value="-1"/>
        </config>
    </config>
</config>
